{"cameraMode":{"drawMode":0,"name":"Shaded","section":"Shading Mode"},"sceneLighting":true,"audioPlay":false,"sceneViewState":{"m_AlwaysRefresh":false,"showFog":true,"showSkybox":true,"showFlares":true,"showImageEffects":true,"showParticleSystems":true,"showVisualEffectGraphs":true,"m_FxEnabled":true},"in2DMode":false,"pivot":{"x":-4.157487869262695,"y":-18.006267547607423,"z":-1.8041644096374512},"rotation":{"x":0.14359107613563538,"y":-0.24661734700202943,"z":0.03695780783891678,"w":0.9577720165252686},"size":13.104330062866211,"orthographic":false}