{"cameraMode":{"drawMode":0,"name":"Shaded","section":"Shading Mode"},"sceneLighting":false,"audioPlay":false,"sceneViewState":{"m_AlwaysRefresh":false,"showFog":true,"showSkybox":false,"showFlares":true,"showImageEffects":true,"showParticleSystems":true,"showVisualEffectGraphs":true,"m_FxEnabled":true},"in2DMode":false,"pivot":{"x":0.8399268388748169,"y":-0.22530409693717957,"z":-1.0313321352005005},"rotation":{"x":0.028920000419020654,"y":0.9064449071884155,"z":-0.0629262626171112,"w":0.4165920913219452},"size":5.116433143615723,"orthographic":false}